sample,CE_feature,B_target,n,Pearson,Spearman,delete_one_min_r,delete_one_max_r
all8,BQMall,BQTerrace,8,0.69051215,0.40476190,0.53622659,0.81982439
all8,PartyScene,BQTerrace,8,0.31028854,0.33333333,0.16394431,0.52870630
all8,PartyScene,Cactus,8,0.31364821,0.21557273,-0.15857911,0.47657079
all8,FourPeople,MarketPlace,8,0.08953311,0.32317073,-0.24097745,0.45110901
all8,Johnny,MarketPlace,8,-0.87970136,-0.79878049,-0.95631515,-0.80860664
all8,E,RitualDance,8,0.00773573,-0.03592879,-0.52563122,0.12555628
all8,CE,MarketPlace,8,-0.71862156,-0.66269870,-0.84422224,-0.62825904
all8,CE,B_3pt,8,-0.62429867,-0.47619048,-0.76302210,-0.45967140
local6,BQMall,BQTerrace,6,0.72892622,0.37142857,0.56563678,0.85626077
local6,PartyScene,BQTerrace,6,0.25093618,0.31428571,-0.02488119,0.52633135
local6,PartyScene,Cactus,6,0.44829329,0.34786262,-0.00605868,0.70043170
local6,FourPeople,MarketPlace,6,0.98802507,0.95454545,0.98676718,0.99632245
local6,Johnny,MarketPlace,6,-0.95674427,-0.86363636,-0.99632245,-0.94967197
local6,E,RitualDance,6,-0.95253872,-0.69572524,-0.97212623,-0.92269507
local6,CE,MarketPlace,6,-0.86389384,-0.70618786,-0.91647152,-0.82438629
local6,CE,B_3pt,6,-0.65852472,-0.37142857,-0.89197752,-0.49985371
local5_no_R3_2,BQMall,BQTerrace,5,0.68685787,0.30000000,0.50975333,0.87361176
local5_no_R3_2,PartyScene,BQTerrace,5,0.19845082,0.20000000,-0.33936717,0.53461522
local5_no_R3_2,PartyScene,Cactus,5,0.41528930,0.30000000,-0.02606912,0.71545054
local5_no_R3_2,FourPeople,MarketPlace,5,0.99082339,0.92105263,0.99043162,0.99736394
local5_no_R3_2,Johnny,MarketPlace,5,-0.97009433,-0.76315789,-0.99736394,-0.96645613
local5_no_R3_2,E,RitualDance,5,-0.92586372,-0.50000000,-0.95662966,-0.08859661
local5_no_R3_2,CE,MarketPlace,5,-0.87516988,-0.66688593,-0.96146572,-0.84050605
local5_no_R3_2,CE,B_3pt,5,-0.53111731,-0.10000000,-0.84777514,-0.23670267
