version,C,E,CE,direct_vs_R10_3
R10-3,-0.1827795612,-0.1204205351,-0.1560542643,0
R11-1,-0.0463808103,-0.1042690789,-0.0711900683,0.08535
R11-2,-0.1793512807,-0.1204205351,-0.1540952469,0.00217
R11-3,-0.0944385451,0.0843984555,-0.0177941163,0.13707
R11-4,-0.1407964771,0.0611658099,-0.0542412113,0.10202
R11-5,-0.0677397954,-0.0796746702,-0.0728547418,0.08353
R11-6,-0.0668096365,-0.0419543639,-0.0561573768,0.09992
R11-7,0.0167774779,-0.1035770297,-0.0348030254,0.12164
R11-8,-0.1678671057,0.2603761569,0.0156657212,0.17251
