test,reference,Y,U,V,BD611,C,E,wins,ties,median,loo_min,loo_max,without_PartyScene,equal_RD_points
R12-1,R10-3,-0.01262668,0.12642814,0.01433767,0.00812572,0.01583669,-0.00215557,2,2,0.00000000,-0.00263702,0.01617466,0.00818992,17
R12-2,R10-3,-0.00121811,0.10113174,-0.00839065,0.01067906,0.02030503,-0.00215557,2,2,0.00000000,0.00087652,0.01926586,0.00087652,18
R12-3,R10-3,-0.02445821,0.13403995,0.02361604,0.00136334,0.00400252,-0.00215557,2,2,0.00000000,-0.00274906,0.00822620,-0.00274906,17
R12-4,R10-3,-0.00936069,0.16271032,-0.07085992,0.00446078,0.00741983,0.00051538,3,2,0.00000000,-0.00923988,0.01271962,0.00612941,14
R12-5,R10-3,-0.00676917,0.29103637,0.08472028,0.04189270,0.06709532,0.00828922,0,1,0.01574755,0.01849259,0.04887482,0.04000544,14
R12-6,R10-3,-0.00560175,0.12799520,-0.06110820,0.00415957,0.00689591,0.00051111,2,2,0.00000000,-0.00445249,0.01212656,0.00022614,15
R12-7,R10-3,-0.02128540,0.41325284,-0.04470601,0.03010430,0.05672093,-0.00538453,3,0,0.05587489,0.01597859,0.04762289,0.03611496,8
R12-8,R10-3,-0.00696705,0.22972139,0.12435595,0.03903438,0.05061012,0.02360007,2,0,0.04304790,0.02758896,0.04695718,0.04695718,10
R12-9,R10-3,-0.01636102,0.09222671,0.15937918,0.01917997,0.03829907,-0.00631217,2,1,0.00912011,0.00858748,0.02705273,0.01222940,15
R12-10,R10-3,0.00561993,0.06956261,-0.01202414,0.01140726,0.01768267,0.00304004,0,2,0.00900105,0.00673192,0.01330847,0.01180829,17
R12-11,R10-3,-0.01247768,0.05530092,-0.01489697,-0.00430776,-0.00753859,0.00000000,2,3,0.00000000,-0.01462378,0.01105854,0.01105854,19
R12-12,R10-3,-0.05002397,0.52089180,0.04764329,0.03354891,0.06445873,-0.00766419,3,0,0.05926553,0.00155220,0.05587513,0.05587513,8
R12-11,R12-7,0.00877977,-0.35534590,0.03036042,-0.03403836,-0.06381053,0.00565787,5,0,-0.06431583,-0.05225093,-0.02462920,-0.02463900,8
R12-11,R12-8,-0.00550405,-0.17357768,-0.13752203,-0.04301550,-0.05759568,-0.02357527,6,0,-0.02209767,-0.05123819,-0.02991540,-0.03568650,10
R12-11,R3-1,-0.05526474,0.13094320,-0.33403899,-0.06683553,-0.04687861,-0.09344476,4,0,-0.16092898,-0.09971895,-0.04466977,-0.09971895,0
R12-11,R9-9,0.00411959,-0.16022389,-0.15005911,-0.03569568,-0.06658741,0.00549328,4,2,-0.01019137,-0.04439161,-0.01388919,-0.03994640,13
R12-11,R8_12,-0.04515355,-0.11477972,-0.26012186,-0.08072786,0.03782629,-0.23880007,3,0,0.00171114,-0.14209214,0.01924158,-0.07064430,0
R12-8,R12-7,0.01432572,-0.18224013,0.17003930,0.00921918,-0.00582811,0.02928224,4,0,-0.00107305,-0.00547806,0.02257653,0.01129106,7
R12-9,R12-5,-0.00958405,-0.19748025,0.07467412,-0.02253881,-0.02851622,-0.01456892,4,2,-0.00223253,-0.02759894,-0.00984826,-0.02759894,18
R12-10,R12-9,0.02197562,-0.02207175,-0.17037234,-0.00757380,-0.02027220,0.00935741,3,2,0.00000000,-0.01387353,-0.00024976,-0.00024976,17
R12-12,R12-7,-0.02883902,0.10792671,0.09207822,0.00337135,0.00763484,-0.00231329,4,1,-0.00121314,-0.02321311,0.01969022,0.01969022,15
R12-12,R12-9,-0.03373706,0.42986848,-0.11097413,0.01455900,0.02649196,-0.00135162,4,0,-0.00725088,-0.02343952,0.04379025,0.04379025,8
R12-6,R12-2,-0.00438382,0.02712234,-0.05252162,-0.00646277,-0.01330531,0.00266060,2,2,0.00000000,-0.01234411,0.00137777,-0.00061148,15
R12-6,R12-4,0.00374413,-0.03424321,0.01007149,-0.00021337,-0.00037019,-0.00000428,3,2,0.00000000,-0.00585545,0.00484717,-0.00585545,21
R12-2,R12-1,0.01141886,-0.02515363,-0.02268874,0.00258385,0.00452174,0.00000000,2,3,0.00000000,-0.01082482,0.01366951,-0.00728456,20
