test,reference,sequence,qps,scope,Y,U,V,BD611
R10-3,Current,BQTerrace,27/32/37,three_point_diagnostic,0.01091028,0.66398939,-1.47900341,-0.09369404
R10-3,Current,BasketballDrive,27/32/37,three_point_diagnostic,-0.03853925,0.72258144,-0.11916352,0.04652280
R10-3,Current,BasketballDrive,22/27/32/37,full_four_point,-0.01573068,0.52849175,-0.09855609,0.04194394
R10-3,Current,Cactus,27/32/37,three_point_diagnostic,-0.07948095,-0.81621360,-0.21930498,-0.18905054
R10-3,Current,Cactus,22/27/32/37,full_four_point,-0.14113146,-0.67863424,-0.12669445,-0.20651468
R10-3,Current,MarketPlace,27/32/37,three_point_diagnostic,0.18502348,-0.50934534,1.86894978,0.30871817
R10-3,Current,MarketPlace,22/27/32/37,full_four_point,0.10470890,-0.27821846,0.69349007,0.13044063
R10-3,Current,RitualDance,27/32/37,three_point_diagnostic,-0.08259233,0.01155036,0.48569795,0.00021179
R10-3,Current,RitualDance,22/27/32/37,full_four_point,-0.04990913,-0.23910007,0.25516931,-0.03542319
R11-2,Current,BQTerrace,27/32/37,three_point_diagnostic,0.15594711,1.21289464,-0.72727017,0.17766339
R11-2,Current,BasketballDrive,27/32/37,three_point_diagnostic,-0.02101449,0.66324888,-0.11297354,0.05302355
R11-2,Current,Cactus,27/32/37,three_point_diagnostic,0.01798389,-0.13923284,-0.28290384,-0.03927916
R11-2,Current,MarketPlace,27/32/37,three_point_diagnostic,0.19117362,-0.36561393,1.94194097,0.34042109
R11-2,Current,RitualDance,27/32/37,three_point_diagnostic,-0.09924740,0.58046189,0.54799930,0.06662210
R11-2,Current,RitualDance,22/27/32/37,full_four_point,-0.05817465,0.01054978,0.29144033,-0.00588222
R11-2,R10-3,BQTerrace,27/32/37,three_point_diagnostic,0.14528609,0.54936478,0.82506608,0.28076843
R11-2,R10-3,BasketballDrive,27/32/37,three_point_diagnostic,0.01754526,-0.05717396,0.00618686,0.00678556
R11-2,R10-3,Cactus,27/32/37,three_point_diagnostic,0.09774007,0.68879028,-0.06230360,0.15161589
R11-2,R10-3,MarketPlace,27/32/37,three_point_diagnostic,0.00608236,0.14653749,0.07184804,0.03185996
R11-2,R10-3,RitualDance,27/32/37,three_point_diagnostic,-0.01666828,0.56592206,0.06200021,0.06598907
