test,reference,sequence,scope,QP_set,Y,U,V,BD611
R9-9,Current,BQTerrace,4pt_anchor_imputed,22/27/32/37,0.056906053531040876,0.4884051382435756,-0.11630242204580321,0.08919237967300221
R9-9,Current,BQTerrace,3pt_measured_diagnostic,27/32/37,0.16236048298135994,1.1683294679455951,-0.7523876422022892,0.17376309045393318
R9-9,Current,BasketballDrive,4pt_anchor_imputed,22/27/32/37,0.018241812210117142,0.527619709580088,-0.10170387277985135,0.06692083875761742
R9-9,Current,BasketballDrive,3pt_measured_diagnostic,27/32/37,-0.029426915226874406,0.9407340926774437,-0.36090187290813375,0.05040884105100794
R9-9,Current,Cactus,4pt_anchor_imputed,22/27/32/37,-0.05872450380873469,-0.26608109426702964,-0.1415610355588936,-0.09499864408479142
R9-9,Current,Cactus,3pt_measured_diagnostic,27/32/37,-0.003656237913186847,-0.14494047932010878,-0.16298566065628795,-0.04123294593193973
R9-9,Current,MarketPlace,4pt_anchor_imputed,22/27/32/37,0.11524978076563003,0.08736513209903259,0.8468163051814881,0.2032100152342876
R9-9,Current,MarketPlace,3pt_measured_diagnostic,27/32/37,0.19117361828096924,-0.3656139321012565,1.9419409660583336,0.34042109295536155
R9-9,Current,RitualDance,4pt_measured,22/27/32/37,-0.074569971824483,0.3748095077067929,0.30361736710225057,0.028875880482768186
R9-9,Current,RitualDance,3pt_measured_diagnostic,27/32/37,-0.10568532410442452,0.7583465520416965,0.5550298983148657,0.0849080632162519
R9-9,Current,B-average,3pt_measured_diagnostic,27/32/37,0.04295312480356868,0.4713711402486739,0.24413913772129767,0.12165362834892297
R9-9,Current,B-average,4pt_anchor_imputed,22/27/32/37,0.011420634174714072,0.24242367867249187,0.1581732683798381,0.058640094012576804
R9-9,R3-1,BQTerrace,4pt_anchor_imputed,22/27/32/37,0.015365633048505993,0.1514392755202899,1.3839532820906812,0.2034482944877509
R9-9,R3-1,BQTerrace,3pt_measured_diagnostic,27/32/37,0.018424280100092227,0.21692146724231398,1.4158590935119484,0.21791578016935198
R9-9,R3-1,BasketballDrive,4pt_anchor_imputed,22/27/32/37,0.045002924230611384,-0.30238021841560836,0.07576038230029927,0.0054247136585449
R9-9,R3-1,BasketballDrive,3pt_measured_diagnostic,27/32/37,0.07323947895916469,-0.14158969819021758,-0.33877763750979734,-0.005116307743128344
R9-9,R3-1,Cactus,4pt_anchor_imputed,22/27/32/37,-0.10022911015248835,0.5358870991177066,0.7102988059291612,0.08060140551649221
R9-9,R3-1,Cactus,3pt_measured_diagnostic,27/32/37,-0.16200841020391168,0.9984384407479622,1.0111265276738568,0.12968931339979362
R9-9,R3-1,MarketPlace,4pt_anchor_imputed,22/27/32/37,0.09707251721809626,0.09793043203154742,0.8370636688209072,0.189678650520129
R9-9,R3-1,MarketPlace,3pt_measured_diagnostic,27/32/37,0.10727640816094708,0.08292734643515731,1.5511037706847692,0.28471119576070114
R9-9,R3-1,RitualDance,4pt_measured,22/27/32/37,-0.013722158870024988,0.5635509609781145,0.10127911077926106,0.0728121398171532
R9-9,R3-1,RitualDance,3pt_measured_diagnostic,27/32/37,0.0446055628056663,1.0441936952813882,0.44694276130927535,0.21984622917808266
R9-9,R3-1,B-average,3pt_measured_diagnostic,27/32/37,0.01630746396439172,0.44017825030332086,0.8172509031340105,0.16940924215296022
R9-9,R3-1,B-average,4pt_anchor_imputed,22/27/32/37,0.00869796109494006,0.20928550984641,0.6216710499840621,0.11039304080001404
