test,reference,Y,U,V,CE,C,E,wins,median,loo_min,loo_max,identical_RD_points
R9-1,R8_10,0.06420291333803044,0.011567447599776222,-0.14070854117517406,0.0320095483065981,0.09221931437466804,-0.048270139784161815,2,0.0378308869271821,0.003394116297284533,0.07721196176501889,8
R9-2,R8_12,0.010411087213908926,0.06380461897208092,0.20033130942649915,0.040825306460254195,0.08999228029374329,-0.02473065865106459,4,-0.017915694923293722,-0.00087315382334967,0.06433179762427305,8
R9-3,R8_12,-0.05007276926196323,0.004512679861776218,0.33634436538099033,0.005052553708873384,0.1531995688942039,-0.19247679987156732,2,0.08889625117398739,-0.03674589670897468,0.12090789184629486,1
R9-4,R8_12,0.07866115535838077,0.0399844334380269,0.250492157935374,0.09530544044046067,0.14806660490955678,0.024957221148332553,2,0.07215064379942793,0.053958588287362,0.1403105806461115,5
R9-4,R8_1,0.03347226339037824,0.1364758493009262,-0.16636259188090063,0.02136835472028687,0.021753600640697774,0.02085469349307234,2,0.07458849133192538,-0.0011399181016573435,0.05503714384566949,2
R9-5,R9-4,-0.02688256612839502,0.14232313796306298,0.36074837818627786,0.042722014922371356,0.020233571795611395,0.07270660575805128,3,0.07089129409414271,0.015062511501643115,0.06665610433296387,6
R9-5,R8_12,0.05171014083544534,0.18134127203758707,0.6111335109548849,0.13784195350064302,0.16840725759293815,0.09708821471091615,1,0.11392806164128766,0.08396260639670251,0.16895730498585718,4
R9-6,R8_12,0.006670729322090575,0.5471465822812513,0.10946780277617975,0.08707984512374681,0.1120838146778204,0.05374121905164869,2,0.10029344418268965,0.03315337133260363,0.12345641127591662,2
R9-7,R9-2,-0.014242991699241429,-0.020436676493806618,0.21817709786800574,0.014035308897343822,0.0034986415386696855,0.028084198708909342,5,-0.020121463053362605,-0.0376124339135589,0.05296581147734605,1
R9-8,R9-2,0.05425213297553792,-0.050882922620567574,0.16649129473120125,0.055140146245482656,0.059992757457627555,0.04866999796262279,3,0.016823603448103294,0.025886004785032345,0.07620079038967358,6
R9-8,R9-7,0.06862518652104312,-0.025412064805445698,-0.04463675691351322,0.04271278717591246,0.057622011764715625,0.022833821057508235,4,-0.03377706000080735,0.009584312786641019,0.06467058577855396,1
R9-9,R8_12,-0.04929578919212983,0.04520683963916678,-0.11070163170701589,-0.045158690902578534,0.10412746334312784,-0.24420689656352038,3,0.04120374540917984,-0.1089525004071717,0.06073895099799514,0
R9-9,R3-1,-0.059412771498865084,0.29077066141997765,-0.18593559365448611,-0.03145519515346238,0.019117549604380578,-0.09888552149725298,4,-0.12611465908060218,-0.07205155383277888,-0.004527451883993015,0
R9-9,R2-2,-0.0765727378448763,-0.2059951912933751,-0.06172711482475779,-0.09089484164842385,-0.14656048037077532,-0.016673990018621892,5,-0.047340199078728766,-0.1355447138791248,-0.041347049645332534,1
R9-9,R7-1,-0.0425294167789444,0.23450857155216687,-0.4018571744481248,-0.052815637946203045,-0.04770990104165349,-0.05962328715226913,4,-0.011670094339446886,-0.10089997865596674,0.02670938275025969,1
R9-9,R9-3,0.0009272929918723008,0.04223617659683021,-0.4437625532478576,-0.04949532733747419,-0.04812061756837319,-0.051328273696275545,5,-0.049863773374806956,-0.07533128257463689,-0.030316403087723195,2
R9-10,R9-9,0.0725171322478592,0.17912624641686442,-0.1322177141013645,0.060251415725331894,-0.015341696770397335,0.1610422323863042,4,-0.01429410101883704,0.005636491680483986,0.08422446198386226,5
R9-11,R8_12,0.053122382030673335,-0.10425709958071265,0.5956109355444872,0.10126101601847683,0.1521680715563889,0.033384941967927365,4,-0.014742031306137575,0.04372133074274642,0.1311233075997553,0
R9-12,R9-11,-0.04168704323587452,0.68342489986692,-0.395705473667575,0.004699645848012223,0.04822208383920418,-0.05333027147357705,3,0.01910280280045165,-0.06952625820778317,0.11034103472334215,0
R9-12,R8_12,0.011657645165775174,0.5775313222305252,0.20399455685674622,0.10643396876024032,0.20053219060342806,-0.01903032703067668,3,0.036351349622325474,0.013584143975096682,0.19297580416016166,0
R9-13,R9-3,0.04249794315746167,0.05275344461907218,-0.1327500307809414,0.0218738840978626,-0.05675911108666558,0.1267178776772335,3,0.019396038218167898,-0.020352739580817254,0.06333231791746606,4
R9-13,R9-5,-0.059296744417563683,-0.12284647252844108,-0.4106573749391984,-0.1111605392466277,-0.0717618839388818,-0.16369207965695554,5,-0.12965474932856927,-0.15294189055356316,-0.05476863213874641,0
