mode,engineering,method,Y,U,V,CE,C,E,wins,median,vs_R3
R9-1,P10,R8_10扩候选P1/S0,-0.022154790791090197,0.2008423852625469,-0.09467375392524321,-0.0033450141761546875,-0.04417539958834283,0.05109549970676284,4,-0.06682085790110597,0.09001596328740935
R9-2,P12,R8_12扩候选P1/Smax,-0.0566111903787451,0.20980401276194321,-0.17318367455445602,-0.03788085050812292,-0.13808896877057195,0.0957299738418091,4,-0.09873875513028982,0.05604379786884641
R9-3,01,稀疏同轴恢复,-0.11720787455957334,0.14964558513195653,-0.04290151119595437,-0.07456289667767972,-0.07488298083978859,-0.07413611779486791,4,-0.008627294604490979,0.019079359613242357
R9-4,02F,固定半强度,0.011537880119595768,0.185581900335165,-0.12355944777058592,0.01640621666026921,-0.0795817221352815,0.14439013505433682,3,0.07587917427649125,0.10994970512795185
R9-5,02A,幅值组成调节强度,-0.015377809751052633,0.3273839655945288,0.23819331126117763,0.05916380229367383,-0.05998764569578744,0.21803239961295554,3,0.049772325878514045,0.1528258733118854
R9-6,03,单位幅值风险门,-0.060530697011129196,0.691663302534507,-0.2632097957122065,0.008158665594440657,-0.11605508130950191,0.17377699479969744,3,0.03420655715725712,0.10146178934079841
R9-7,04,固定保护1,-0.07081322953134163,0.18679122570086684,0.04772443959364144,-0.023795463986692682,-0.1345642760948505,0.12389628549085109,3,0.03609769804468824,0.06950139455523545
R9-8,05,联合映射选择,-0.0025386932948492564,0.15733443585911602,-0.005759023304870484,0.017042906598143746,-0.07855998510462803,0.14451342886850613,4,-0.016678626763814534,0.1103303756123252
R9-9,06I,整数局部因果验证,-0.11659090885224951,0.18959105444639138,-0.487718620947565,-0.12470912745183385,-0.12383567032083453,-0.12587373695983295,6,-0.12399936613982535,-0.03145519515346238
R9-10,06F,fractional局部因果验证,-0.044138037189211055,0.3763028924728596,-0.6249596131627716,-0.06418561797814729,-0.13961301146002514,0.03638423999768986,4,-0.11110018038642029,0.02923396873891212
R9-11,07D,1→0单点复核,-0.013776393166789988,0.041578348019780095,0.22600560923465912,0.023115699781712417,-0.07553667650799706,0.15465220150132505,4,-0.16354823394645873,0.1165624747119011
R9-12,07DU,独立D/U单点复核,-0.05566813421420701,0.7233200751474517,-0.17389241793377197,0.026927356491054703,-0.02806174365703107,0.1002461566885024,2,0.051771643587892234,0.12001709257408162
R9-13,08,同轴恢复＋特征强度,-0.07488561843585888,0.2022893854848624,-0.18206425457005757,-0.05363607246254355,-0.13231927998761842,0.05127487090422292,4,-0.03761078773245405,0.03924461781438878
