round,experiment,configuration,group,expected_sequences,recorded_sequences,valid_sequences,measured_points,imputed_points,missing_points,scope_status,bd_y_pct,bd_u_pct,bd_v_pct,bd_611_pct
fixed,Fixed-NoPred,LB,B,5,5,5,20,0,0,full,-0.02192957651741654,0.04449795754047038,-0.07839778752268436,-0.020684661135839146
fixed,Fixed-NoPred,LB,C,4,4,4,16,0,0,full,-0.10690758273508627,-0.20085071394367351,-0.11959859767566874,-0.12023685100373249
fixed,Fixed-NoPred,LB,E,3,3,3,12,0,0,full,0.025302028211999655,0.14703017289057665,-0.0750653036020741,0.02797212982006256
fixed,Fixed-NoPred,LB,CE,7,7,7,28,0,0,full,-0.050246320900620874,-0.051758905300423444,-0.10051290021555676,-0.05671871636496318
fixed,Fixed-NoPred,LB,BC,9,9,9,36,0,0,full,-0.05969757928082531,-0.06454589645248246,-0.09670925870178854,-0.06493007885490286
fixed,Fixed-NoPred,LB,BCE,12,12,12,48,0,0,full,-0.03844767740761907,-0.011651879116717683,-0.09129826992685992,-0.0417045266861615
fixed,Fixed-NoPred,RA,C,4,4,4,16,0,0,full,0.019416905368926936,-0.03875401447523945,-0.00016138583471895802,0.0096982539879504
fixed,Fixed-NoPred,RA,D,4,4,4,16,0,0,full,-6.425091191470181e-06,-0.21495509413113667,0.0043895006599659805,-0.026325518002289935
fixed,Fixed-NoPred,RA,CD,8,8,8,32,0,0,full,0.009705240138867734,-0.12685455430318807,0.0021140574126235112,-0.008313632007169768
fixed,Fixed-Gradient,LB,C,4,4,4,16,0,0,full,0.03277481994299168,-0.02481748196422266,-0.09853316928111458,0.00916228355157661
fixed,Fixed-Gradient,LB,E,3,3,3,12,0,0,full,0.169446740900897,0.2560334992567003,0.20922026964592222,0.18524177678850057
fixed,Fixed-Gradient,LB,CE,7,7,7,28,0,0,full,0.09134850035352253,0.09554722427331576,0.03336116168761548,0.08462492351025831
fixed,Fixed-Gradient,RA,C,4,4,4,16,0,0,full,0.06518465655193022,-0.061491489940642415,-0.04536768905856432,0.03553109503904682
fixed,Fixed-Gradient,RA,D,4,4,4,16,0,0,full,0.012535406632173788,0.06708950495262211,0.22531867594098476,0.0459525775858312
fixed,Fixed-Gradient,RA,CD,8,8,8,32,0,0,full,0.038860031592052,0.002799007505989848,0.08997549344121021,0.04074183631243901
fixed,Fixed-Directional,LB,B,5,5,5,20,0,0,full,-0.01067149773628935,-0.09497799631442103,-0.11642798102265355,-0.03442937046935133
fixed,Fixed-Directional,LB,C,4,4,4,16,0,0,full,-0.08301653249152653,-0.23815621308139784,-0.2127094427057422,-0.1186206063420374
fixed,Fixed-Directional,LB,E,3,3,3,12,0,0,full,0.07417115914958862,0.43377054452996766,-0.2970360274545073,0.07272018399662401
fixed,Fixed-Directional,LB,CE,7,7,7,28,0,0,full,-0.015650378931048613,0.0498123973234731,-0.24884940759807012,-0.03661741048261108
fixed,Fixed-Directional,LB,BC,9,9,9,36,0,0,full,-0.04282484651639477,-0.15861275932196628,-0.15921974177069295,-0.07184769752387847
fixed,Fixed-Directional,LB,BCE,12,12,12,48,0,0,full,-0.013575845099898919,-0.010516933358982789,-0.19367381319164653,-0.03570572714375285
fixed,Fixed-Directional,RA,C,4,4,4,16,0,0,full,0.03941665425032547,-0.035117068997535104,-0.11735273393598994,0.010503765321053472
fixed,Fixed-Directional,RA,D,4,4,4,16,0,0,full,0.004548361513782177,-0.22837019847622175,0.16783051920973405,-0.0041561887729743285
fixed,Fixed-Directional,RA,CD,8,8,8,32,0,0,full,0.021982507882053824,-0.13174363373687842,0.025238892636872054,0.0031737882740395717
conditional,N1,LB,C,4,4,4,16,0,0,full,-0.0594086662510657,0.31319049418024464,-0.18097081907605048,-0.028029040300275004
conditional,N1,LB,E,3,3,3,12,0,0,full,0.11542442303648565,0.5547368469721424,-0.38032172565050404,0.10837020744256903
conditional,N1,LB,CE,7,7,7,28,0,0,full,0.015519800586456306,0.41671035966248654,-0.26640692189367343,0.03042778016094387
conditional,N2,LB,C,4,4,4,16,0,0,full,-0.05312805457828245,0.029794639588552666,0.023954416497090156,-0.03312740892300649
conditional,N2,LB,E,3,3,3,12,0,0,full,0.03261080174919665,0.9747999906326363,0.00045960294494799825,0.14636555050909555
conditional,N2,LB,CE,7,7,7,28,0,0,full,-0.016382830437934263,0.43479693289315996,0.013885210689029232,0.04379814511932296
conditional,A1,LB,C,4,4,4,15,1,0,full,-0.04933393391791981,0.1301231200857347,-0.06740032376006538,-0.029160100897731193
conditional,A1,LB,E,3,3,3,12,0,0,full,-0.027723949207758655,0.1827568302887714,-0.03246441920749482,-0.0020064105206594163
conditional,A1,LB,CE,7,7,7,27,1,0,full,-0.040072511899279316,0.15268042445846472,-0.052427793237535145,-0.017522805021843287
conditional,A2,LB,C,4,4,4,14,2,0,full,0.000611000128455965,-0.12044543052021534,-0.061183392731568184,-0.022245352810130965
conditional,A2,LB,E,3,3,3,11,1,0,full,-0.00805978923481834,0.11392916845347482,0.0741363525471902,0.017463348198969372
conditional,A2,LB,CE,7,7,7,25,3,0,full,-0.003105052455804451,-0.019999173817205267,-0.003189216183528875,-0.005227338091945106
conditional,A3,LB,C,4,4,3,13,2,1,available_subset,0.03631141868090915,-0.018383842949320855,0.20727232267031626,0.05084462397580628
conditional,A3,LB,E,3,3,3,9,3,0,full,-0.027773885616019865,0.23261501854635772,-0.11720941263199623,-0.006404713472719717
conditional,A3,LB,CE,7,7,6,22,5,1,available_subset,0.0042687665324446416,0.10711558779851843,0.045031455019160005,0.022219955251543282
r2,R2-1,LB,C,4,4,4,16,0,0,full,0.03710173891563115,0.2717431179888291,-0.36525200252521073,0.016137693619675656
r2,R2-1,LB,E,3,3,3,12,0,0,full,0.05752539159725982,0.62814175225849,0.13496584350504287,0.13853249316838648
r2,R2-1,LB,CE,7,7,7,28,0,0,full,0.04585473292204344,0.4244853898186838,-0.15087292565510205,0.0685926077119803
r2,R2-2,LB,C,4,4,4,16,0,0,full,0.03276411519153994,0.30993826556327464,-0.32318817294120716,0.02291684797141339
r2,R2-2,LB,E,3,3,3,12,0,0,full,-0.13643613944383898,0.5102188257573306,-0.5649965105320026,-0.10917431517971324
r2,R2-2,LB,CE,7,7,7,28,0,0,full,-0.039750279652193875,0.3957727913607272,-0.4268203176229766,-0.03369365052192659
r2,R2-3,LB,C,4,4,4,16,0,0,full,-0.07259125692705186,-0.08956055108530817,-0.08921167815464204,-0.07678997135028266
r2,R2-3,LB,E,3,3,3,12,0,0,full,0.03691645254497989,0.5354570977595368,-0.155122443346315,0.07522917121038764
r2,R2-3,LB,CE,7,7,7,28,0,0,full,-0.025659381439038252,0.17830415556248252,-0.11745914895107332,-0.011638910252852538
r2,R2-4,LB,C,4,4,4,16,0,0,full,-0.026546626021561083,-0.2350670085616573,-0.2713272307080721,-0.08320924942488699
r2,R2-4,LB,E,3,3,3,12,0,0,full,0.03541854067015566,0.36166116389181197,0.20761343757829923,0.09772323068638065
r2,R2-4,LB,CE,7,7,7,28,0,0,full,9.873989174665379e-06,0.020673636775543822,-0.06606694429962724,-0.005666757948629428
r3,R3-1,AI,B,5,5,5,20,0,0,full,-0.00509004947568534,0.041338386481805565,0.001246018057864837,0.0015055134606947955
r3,R3-1,AI,C,4,4,4,16,0,0,full,-0.0013019188064324347,0.00375791167899339,-0.017289974375781624,-0.0026679469419228553
r3,R3-1,AI,E,3,3,3,12,0,0,full,1.8692960751834405e-05,0.04407003649345085,-0.11048469897222414,-0.008287813089282786
r3,R3-1,AI,CE,7,7,7,28,0,0,full,-0.0007359423347820336,0.021034536599475157,-0.057230570631399844,-0.0050764610050771115
r3,R3-1,AI,BC,9,9,9,36,0,0,full,-0.003406435844906271,0.024635953236111265,-0.00699220080153359,-0.00034935782935749377
r3,R3-1,AI,BCE,12,12,12,48,0,0,full,-0.0025501536434917446,0.02949447405044616,-0.03286532534420623,-0.002333971644338817
r3,R3-1,LB,B,5,5,5,20,0,0,full,0.002708740331777276,0.03484307078440143,-0.45626809827127096,-0.050646573187025735
r3,R3-1,LB,C,4,4,4,16,0,0,full,-0.0793693756711254,-0.32950137742497954,-0.33673288917695976,-0.14280631507858646
r3,R3-1,LB,E,3,3,3,12,0,0,full,-0.027446353608387472,0.2004648661470337,-0.2538890719468206,-0.027262790931263964
r3,R3-1,LB,CE,7,7,7,28,0,0,full,-0.057116651929952,-0.10237298732268815,-0.3012283960783287,-0.0932876618725911
r3,R3-1,LB,BC,9,9,9,36,0,0,full,-0.03377042233617947,-0.12708779508643456,-0.4031413386737993,-0.09160645847216384
r3,R3-1,LB,BCE,12,12,12,48,0,0,full,-0.03218940515423147,-0.0451996297780675,-0.36582827199205464,-0.07552054158693887
r3,R3-1,RA,B,5,5,3,19,0,1,available_subset,-0.015743259009834486,-0.031420134401688275,-0.26627569189700206,-0.04901942254471216
r3,R3-1,RA,C,4,4,4,16,0,0,full,0.02444027153169951,-0.04312876318783033,0.02933964094806116,0.016606563368803486
r3,R3-1,RA,BC,9,9,7,35,0,1,available_subset,0.007218758442470654,-0.038110779422340875,-0.09735264455696593,-0.011518859165560362
r3,R3-2,LB,B,5,5,5,17,3,0,full,0.009175098339884304,-0.02991660836400881,-0.3653843311670596,-0.04253129368647033
r3,R3-2,LB,C,4,4,4,16,0,0,full,-0.05488841757882369,-0.24935125094170743,-0.3592903835550524,-0.11724651749621275
r3,R3-2,LB,E,3,3,3,12,0,0,full,-0.027446353608387472,0.2004648661470337,-0.2538890719468206,-0.027262790931263964
r3,R3-2,LB,CE,7,7,7,28,0,0,full,-0.04312753302006531,-0.05657291504653266,-0.31411839286581017,-0.07868206325409184
r3,R3-2,LB,BC,9,9,9,33,3,0,full,-0.019297575401763696,-0.12744311617631932,-0.3626759100061675,-0.07573805982413362
r3,R3-2,LB,BCE,12,12,12,45,3,0,full,-0.02133476995341964,-0.04546612059548106,-0.3354792004913308,-0.06361924260091621
r3,R3-3,LB,C,4,4,4,16,0,0,full,0.02201619386763729,-0.10065657889551696,-0.2841250026570828,-0.031585552293347
r3,R3-3,LB,E,3,3,3,12,0,0,full,0.023345601643341263,0.08602137578301614,-0.10689586695692364,0.014899889835767503
r3,R3-3,LB,CE,7,7,7,28,0,0,full,0.022585940057224706,-0.02065174117614564,-0.20816965878558602,-0.011663219952297929
r3,R3-4,LB,C,4,4,4,16,0,0,full,0.009332823143180702,-0.10204055244722174,-0.24991838206978467,-0.03699524945724027
r3,R3-4,LB,E,3,3,3,12,0,0,full,0.023345601643341263,0.08602137578301614,-0.10689586695692364,0.014899889835767503
r3,R3-4,LB,CE,7,7,7,28,0,0,full,0.015338299643249514,-0.02144258320569123,-0.18862301844998708,-0.014754475474522653
r4,R4-1,LB,C,4,4,4,16,0,0,full,-0.034398160613190315,0.15629105795068549,-0.42096888659294907,-0.058883349040175684
r4,R4-1,LB,E,3,3,3,12,0,0,full,-0.01976739806441577,0.24595808336703234,-0.24247792239055693,-0.014390528426252403
r4,R4-1,LB,CE,7,7,7,28,0,0,full,-0.02812783380657265,0.19471978312911986,-0.34447275907763814,-0.03981499734849428
r4,R4-2,LB,C,4,4,4,16,0,0,full,-0.04729832217022465,0.31412252226670323,-0.025388396284101472,0.0006180241201567405
r4,R4-2,LB,E,3,3,3,12,0,0,full,-0.017474361628415785,0.04334221286000757,-0.25948911773263617,-0.040124134330390415
r4,R4-2,LB,CE,7,7,7,28,0,0,full,-0.03451662479516371,0.19807381823526224,-0.12571727690490203,-0.016842900930077755
r4,R4-3,LB,C,4,4,4,16,0,0,full,-0.0793693756711254,-0.32950137742497954,-0.33673288917695976,-0.14280631507858646
r4,R4-3,LB,E,3,3,3,12,0,0,full,-0.027446353608387472,0.2004648661470337,-0.2538890719468206,-0.027262790931263964
r4,R4-3,LB,CE,7,7,7,28,0,0,full,-0.057116651929952,-0.10237298732268815,-0.3012283960783287,-0.0932876618725911
r4,R4-4,LB,C,4,4,4,16,0,0,full,-0.06578091295243188,-0.06772998151284376,-0.2909194791838966,-0.09416686730141646
r4,R4-4,LB,E,3,3,3,12,0,0,full,-0.028474631322996824,0.5844084296597777,0.12274992119674083,0.06703882036481719
r4,R4-4,LB,CE,7,7,7,28,0,0,full,-0.04979250653981686,0.21175790898970828,-0.11363259330648054,-0.025078715444459183
r4,R4-5,LB,C,4,4,4,16,0,0,full,-0.02715692178076383,-0.043168630931569384,-0.4848469077176131,-0.08636963366672068
r4,R4-5,LB,E,3,3,3,12,0,0,full,-0.03046958268198976,0.1965144733242316,-0.31038585993384615,-0.037086110337694135
r4,R4-5,LB,CE,7,7,7,28,0,0,full,-0.02857663359557494,0.0595526994637739,-0.4100778872388558,-0.06524812366856644
r4,R4-6,LB,C,4,4,4,16,0,0,full,-0.059529820121390395,0.04187398131844295,-0.21669521256891514,-0.06650001899735182
r4,R4-6,LB,E,3,3,3,12,0,0,full,0.003311094752973967,0.34371428293097656,-0.050378510973111364,0.039150292559463624
r4,R4-6,LB,CE,7,7,7,28,0,0,full,-0.032597999460948525,0.17123411058095736,-0.14541662617071352,-0.021221314044430912
r5,R5-1,LB,C,4,4,4,16,0,0,full,-0.0793693756711254,-0.32950137742497954,-0.33673288917695976,-0.14280631507858646
r5,R5-1,LB,E,3,3,3,12,0,0,full,-0.027446353608387472,0.2004648661470337,-0.2538890719468206,-0.027262790931263964
r5,R5-1,LB,CE,7,7,7,28,0,0,full,-0.057116651929952,-0.10237298732268815,-0.3012283960783287,-0.0932876618725911
r5,R5-2,LB,C,4,4,4,16,0,0,full,-0.0793693756711254,-0.32950137742497954,-0.33673288917695976,-0.14280631507858646
r5,R5-2,LB,E,3,3,3,12,0,0,full,-0.027446353608387472,0.2004648661470337,-0.2538890719468206,-0.027262790931263964
r5,R5-2,LB,CE,7,7,7,28,0,0,full,-0.057116651929952,-0.10237298732268815,-0.3012283960783287,-0.0932876618725911
r6,R6-1,LB,C,4,4,4,16,0,0,full,-0.059521739246237854,-0.4039495822147484,-0.29944784514149914,-0.13256598285420934
r6,R6-1,LB,E,3,3,3,12,0,0,full,-0.021709776568572838,0.9047368105154207,0.40463767022821134,0.14738947766652438
r6,R6-1,LB,CE,7,7,7,28,0,0,full,-0.04331661238438142,0.15691601466960975,0.0023030900169482282,-0.012585071202466318
r6,R6-2,LB,B,5,5,5,20,0,0,full,-0.04204392519483028,0.015689257022025963,-0.19147922793747627,-0.053506690260554
r6,R6-2,LB,C,4,4,4,16,0,0,full,-0.026508794431057102,-0.2657892549125945,-0.04421708002072,-0.058632387689957155
r6,R6-2,LB,E,3,3,3,12,0,0,full,-0.08887877852186134,0.3156740854143245,-0.8775243301059015,-0.1368903644778431
r6,R6-2,LB,CE,7,7,7,28,0,0,full,-0.053238787612830345,-0.016590680486772064,-0.40134875862865493,-0.09217152059905113
r6,R6-2,LB,BC,9,9,9,36,0,0,full,-0.03513942263315331,-0.10941230383780536,-0.12602938441891792,-0.0557847780069554
r6,R6-2,LB,BCE,12,12,12,48,0,0,full,-0.04857426160533032,-0.0031407065247728867,-0.3139031208406638,-0.07606117462467733
r6,R6-3,LB,C,4,4,4,16,0,0,full,0.05320829398184497,0.2793427178764184,-0.3090844595440329,0.03618850277793191
r6,R6-3,LB,E,3,3,3,12,0,0,full,-0.13643613944383898,0.5102188257573306,-0.5649965105320026,-0.10917431517971324
r6,R6-3,LB,CE,7,7,7,28,0,0,full,-0.028067891772019574,0.37828962125395216,-0.41876105282459136,-0.026109847775344582
r6,R6-4,LB,C,4,4,4,16,0,0,full,0.037300898292914,0.20446175995147695,-0.35087476356203195,0.009674048268366112
r6,R6-4,LB,E,3,3,3,12,0,0,full,-0.019981194180113283,0.44911326681828184,-0.564872953180907,-0.029455856430413114
r6,R6-4,LB,CE,7,7,7,28,0,0,full,0.01275143009018802,0.3093124057515362,-0.4425882733986927,-0.007095910888253557
r6,R6-5,LB,C,4,4,4,16,0,0,full,-0.09619062172678976,0.07579122253631539,-0.4736888663735128,-0.121880171774742
r6,R6-5,LB,E,3,3,3,12,0,0,full,-0.030347810621192867,0.12559284237927149,0.4504554147271352,0.04924517417240618
r6,R6-5,LB,CE,7,7,7,28,0,0,full,-0.06797227411010538,0.0971347738975823,-0.07762703161609225,-0.04854073779739278
r6,R6-6,LB,C,4,4,4,16,0,0,full,-0.08814989067866011,0.18665040172197622,-0.37528055729058285,-0.08969118745507092
r6,R6-6,LB,E,3,3,3,12,0,0,full,-0.03079066873401558,0.1375975317196842,0.45672867443401705,0.05119777421870097
r6,R6-6,LB,CE,7,7,7,28,0,0,full,-0.06356736698809817,0.16562774314956535,-0.01870517226575433,-0.02931020388059725
r6,R6-7,LB,C,4,4,4,16,0,0,full,-0.05563882478601616,-0.08093500337726306,-0.2848458312587746,-0.08745172291901684
r6,R6-7,LB,E,3,3,3,12,0,0,full,-0.044747013253645995,0.2794681174699507,0.6137062127432436,0.07808653133641479
r6,R6-7,LB,CE,7,7,7,28,0,0,full,-0.050970905557857514,0.07352347698582855,0.10024790188494746,-0.016506756809546143
r7,R7-1,LB,C,4,4,4,16,0,0,full,-0.03740730726918877,-0.12967000016430721,-0.251170338495862,-0.07566052278441274
r7,R7-1,LB,E,3,3,3,12,0,0,full,-0.12230202704325016,0.07613440876224013,0.14781487388780085,-0.06373285995118251
r7,R7-1,LB,CE,7,7,7,28,0,0,full,-0.07379075860092936,-0.04146811062435835,-0.08017667604572078,-0.07054866728445693
r7,R7-2,LB,C,4,4,4,16,0,0,full,-0.02691579854101525,0.2148700966435722,-0.18316980428536472,-0.0162243123609855
r7,R7-2,LB,E,3,3,3,12,0,0,full,-0.0362224956486027,-0.34065407902699,0.4042043575391105,-0.019223086922436964
r7,R7-2,LB,CE,7,7,7,28,0,0,full,-0.030904383015695588,-0.0232116929295259,0.06856197935369608,-0.017509501458750413
r8,R8-1,LB,C,4,4,4,16,0,0,full,-0.1028452245789024,-0.04974466722053466,-0.1425993278842485,-0.1011769178222747
r8,R8-1,LB,E,3,3,3,12,0,0,full,0.08596729530947016,0.1807131069435336,0.2972749823706605,0.12422398264637691
r8,R8-1,LB,CE,7,7,7,28,0,0,full,-0.021925573198171303,0.04902295027835174,0.04591823365356966,-0.004576531907138296
r8,R8-2,LB,C,4,4,4,16,0,0,full,-0.0768502732151268,-0.008761535606119256,-0.3358676845477232,-0.1007163574305754
r8,R8-2,LB,E,3,3,3,12,0,0,full,0.08634454230072781,0.24137049397240193,0.2549246324591089,0.1267952975294847
r8,R8-2,LB,CE,7,7,7,28,0,0,full,-0.006909637994046253,0.0984379056418184,-0.08267097725908087,-0.0032113624476924995
r8,R8-3,LB,C,4,4,4,16,0,0,full,-0.06607170968615281,0.24480224230730463,-0.01468331711876382,-0.020788916616046996
r8,R8-3,LB,E,3,3,3,12,0,0,full,0.09681385849988026,0.40797823800234506,0.17016361993440698,0.1448781261170042
r8,R8-3,LB,CE,7,7,7,28,0,0,full,0.0037363909650042237,0.3147348118908934,0.06453679876116653,0.050211244555260666
r8,R8-4,LB,C,4,4,4,16,0,0,full,-0.08058251212447491,-0.1512828249805634,-0.13497728296925704,-0.09621939758708374
r8,R8-4,LB,E,3,3,3,12,0,0,full,-0.11406825367895333,0.35814127440201615,0.5425312272046742,0.02703287244162128
r8,R8-4,LB,CE,7,7,7,28,0,0,full,-0.09493354421925139,0.06704178904054214,0.1553835071052849,-0.043396996146210155
r8,R8-5,LB,C,4,4,4,16,0,0,full,-0.005746211155212607,-0.016719787666586633,0.1768077029129844,0.015701331039390268
r8,R8-5,LB,E,3,3,3,12,0,0,full,-0.11568219359927541,0.3885948402145213,0.5466776350824971,0.030147414212670743
r8,R8-5,LB,CE,7,7,7,28,0,0,full,-0.05286163220266809,0.15698648142531677,0.33532338812848983,0.021892509542224756
r8,R8-6,LB,C,4,4,4,16,0,0,full,-0.10506773682364327,-0.3220917242017628,-0.29475866093715125,-0.15590710076009673
r8,R8-6,LB,E,3,3,3,12,0,0,full,-0.09318537968942761,0.29812627978160555,0.9042366172592184,0.08040632736303231
r8,R8-6,LB,CE,7,7,7,28,0,0,full,-0.09997529805183657,-0.05628400820889066,0.21909645828986435,-0.054629917278755706
r8,R8-7,LB,C,4,4,4,16,0,0,full,0.0007668013584088869,-0.01598928401468895,-0.4765799240977556,-0.0609960499952489
r8,R8-7,LB,E,3,3,3,12,0,0,full,0.009645066251809562,0.6288450264938465,0.21358323441076305,0.11253733230193337
r8,R8-7,LB,CE,7,7,7,28,0,0,full,0.004571772027009176,0.26036827763182624,-0.18079571330839048,0.013375399560686358
r8,R8-8,LB,C,4,4,4,16,0,0,full,-0.010418397807628637,-0.10391600898500175,-0.15680986750934398,-0.04040453291751469
r8,R8-8,LB,E,3,3,3,12,0,0,full,-0.06101045208532814,0.45892730258612435,-0.2099471350186926,-0.014635318118067139
r8,R8-8,LB,CE,7,7,7,28,0,0,full,-0.032100706783785564,0.13730255311690942,-0.1795829821562077,-0.029360583717751455
r8,R8-9,LB,C,4,4,4,16,0,0,full,-0.007249434045221512,0.07984919733281368,-0.36133735809574874,-0.04062309562928301
r8,R8-9,LB,E,3,3,3,12,0,0,full,-0.12230202704325016,0.07613440876224013,0.14781487388780085,-0.06373285995118251
r8,R8-9,LB,CE,7,7,7,28,0,0,full,-0.05655768818723379,0.07825714508828216,-0.1431292586742275,-0.05052728033866851
r8,R8-10,LB,C,4,4,4,16,0,0,full,-0.12230751463645732,-0.16868939675126626,-0.18666811184820767,-0.1361503245522772
r8,R8-10,LB,E,3,3,3,12,0,0,full,-0.03818473621628635,0.672897157893379,0.3646709369917082,0.10105745969842113
r8,R8-10,LB,CE,7,7,7,28,0,0,full,-0.0862548953135269,0.191990555239296,0.0496200519403277,-0.03448984558769221
r8,R8-11,LB,C,4,4,4,16,0,0,full,-0.13673417011255048,-0.07261380950389174,-0.44796461475152427,-0.16762293061633987
r8,R8-11,LB,E,3,3,3,12,0,0,full,0.02635504232502341,0.4714018933333379,0.45681789059920436,0.13579375473533534
r8,R8-11,LB,CE,7,7,7,28,0,0,full,-0.06683879335359025,0.16053577742634953,-0.06020068388692628,-0.03758720832276478
r8,R8-12,LB,C,4,4,4,16,0,0,full,-0.1684916022115622,-0.25307662809185577,-0.5522364626919314,-0.22703283800664503
r8,R8-12,LB,E,3,3,3,12,0,0,full,0.06902976317318837,0.6798698755575124,-0.1294854250135682,0.12057037869788431
r8,R8-12,LB,CE,7,7,7,28,0,0,full,-0.06669673133238338,0.14675758775787345,-0.3710574465440615,-0.07806003084756104
r8,R8-13,LB,C,4,4,4,16,0,0,full,-0.008681068395564795,0.21069862792702865,-0.43438260914420007,-0.03447129894882003
r8,R8-13,LB,E,3,3,3,12,0,0,full,-0.007155513068499618,0.3090722100830564,1.0410114488874038,0.16339382256993282
r8,R8-13,LB,CE,7,7,7,28,0,0,full,-0.008027258969679719,0.25285873456532626,0.19792913001220158,0.05032803884493119
r8,R8-14,LB,C,4,4,4,16,0,0,full,-0.06341202886213976,0.3130957436498559,-0.21246134736808886,-0.03497972211138393
r8,R8-14,LB,E,3,3,3,12,0,0,full,-0.011743096090195164,0.39163212710803025,0.5784978004476822,0.11245891887681768
r8,R8-14,LB,CE,7,7,7,28,0,0,full,-0.04126820053130636,0.3467541937033592,0.12652114455295585,0.028208266883559617
r8,R8-15,LB,C,4,4,4,16,0,0,full,-0.04948669096536511,-0.19132250076706317,-0.25584331018663903,-0.0930107445932366
r8,R8-15,LB,E,3,3,3,12,0,0,full,-0.1274104405363125,0.42345714832264764,0.3257539629230212,-0.001906441496525792
r8,R8-15,LB,CE,7,7,7,28,0,0,full,-0.08288258363862828,0.07215449169995575,-0.006587335996784642,-0.05396604326607483
r8,R8-16,LB,C,4,4,4,16,0,0,full,-0.0700525448416389,-0.15888448671704156,-0.30060050521975473,-0.10997503262332871
r8,R8-16,LB,E,3,3,3,12,0,0,full,0.02139350211237315,0.3844127858877652,0.1497708243186114,0.08281807786007693
r8,R8-16,LB,CE,7,7,7,28,0,0,full,-0.03086138186134802,0.07395720154216134,-0.10758422113188354,-0.027349413844726292
r8,R8-17,LB,C,4,4,4,16,0,0,full,-0.07019653786380797,0.15234541722157677,-0.4156710642692354,-0.0855631092788133
r8,R8-17,LB,E,3,3,3,12,0,0,full,0.09559313995937428,0.4580063768483766,0.934448776884293,0.2457517491861144
r8,R8-17,LB,CE,7,7,7,28,0,0,full,0.0008561812032701363,0.2833429713473481,0.16295172479656245,0.05642897292044142
r8,R8-18,LB,C,4,4,4,16,0,0,full,-0.13468395687748963,-0.03697365541507968,-0.36641684820270887,-0.1514367806103408
r8,R8-18,LB,E,3,3,3,12,0,0,full,0.0794016163302627,0.6082366908063606,0.19533267344123975,0.15999738277864706
r8,R8-18,LB,CE,7,7,7,28,0,0,full,-0.042932996931310065,0.239545064394109,-0.12566705321244517,-0.01796499630077458
r8,R8-19,LB,C,4,4,4,16,0,0,full,-0.08892406776050138,0.160914205697269,-0.055830217361549736,-0.053557552278411136
r8,R8-19,LB,E,3,3,3,12,0,0,full,0.11933220777757492,0.800651729975331,0.22087977012458831,0.2171905933456711
r8,R8-19,LB,CE,7,7,7,28,0,0,full,0.000328621755817027,0.435087430387867,0.06275977727536657,0.062477367274766965
r8,R8-20,LB,C,4,4,4,16,0,0,full,-0.07140513831704232,-0.16638968405148655,-0.12751192626958208,-0.09029155502791533
r8,R8-20,LB,E,3,3,3,12,0,0,full,0.034018503239951085,1.452497830043744,-0.1448781458082126,0.18896633795940476
r8,R8-20,LB,CE,7,7,7,28,0,0,full,-0.02622357764975943,0.5274192505607552,-0.134954591786138,0.029390399109507564
r8,R8-21,LB,C,4,4,4,16,0,0,full,-0.10135057144527851,0.03126009484585094,-0.16159415256950094,-0.09230468579941513
r8,R8-21,LB,E,3,3,3,12,0,0,full,0.028998200844596544,0.6672024966808021,0.49996928291910686,0.16764512308343602
r8,R8-21,LB,CE,7,7,7,28,0,0,full,-0.045486811892474915,0.30380683848940143,0.12193303406847382,0.01910237515037822
r8,R8-22,LB,C,4,4,4,16,0,0,full,-0.13044093462762907,0.20299081722113804,0.24448882192870142,-0.04189574607699186
r8,R8-22,LB,E,3,3,3,12,0,0,full,-0.003939053303905725,0.12131407007266337,0.6757623837377271,0.09668026674836952
r8,R8-22,LB,CE,7,7,7,28,0,0,full,-0.07622584263174764,0.1679864970146489,0.42932034841828387,0.017493973705305872
r8,R8-23,LB,C,4,4,4,15,1,0,full,-0.06976630797157292,-0.099928681010139,0.03962329745266603,-0.05986290392336381
r8,R8-23,LB,E,3,3,3,12,0,0,full,-0.01993195316554204,-0.07676140219943138,-0.13174818153839507,-0.041012662841384835
r8,R8-23,LB,CE,7,7,7,27,1,0,full,-0.04840872734041683,-0.08999984723412145,-0.03382162211493158,-0.05178422917394425
r8,R8-24,LB,C,4,4,4,15,1,0,full,-0.07446592095141126,0.13134208263276936,0.05910823468442422,-0.032043151048909244
r8,R8-24,LB,E,3,3,3,12,0,0,full,0.07673414948494395,0.20681699855012756,0.3049162291748602,0.12151726557933144
r8,R8-24,LB,CE,7,7,7,27,1,0,full,-0.009665890764401885,0.16368847516878002,0.16445451803746822,0.03376845607747963
r9,R9-1,LB,C,4,4,4,16,0,0,full,-0.04674811833912127,-0.04456548788158448,-0.02834899879060885,-0.04417539958836512
r9,R9-1,LB,E,3,3,3,12,0,0,full,0.01063631260625629,0.5280528827880554,-0.18310676077149035,0.05109549970676284
r9,R9-1,LB,CE,7,7,7,28,0,0,full,-0.022154790791102316,0.2008423852625469,-0.09467375392527234,-0.0033450141761674243
r9,R9-2,LB,C,4,4,4,16,0,0,full,-0.1322183060904288,-0.06893843851430519,-0.24246347510754757,-0.1380889687705532
r9,R9-2,LB,E,3,3,3,12,0,0,full,0.044198297236877855,0.5814606144636079,-0.08081060715037736,0.0957299738418122
r9,R9-2,LB,CE,7,7,7,28,0,0,full,-0.05661119037872595,0.20980401276194324,-0.17318367455447461,-0.03788085050811089
r9,R9-3,LB,C,4,4,4,16,0,0,full,-0.10915089182387436,-0.11358879443077655,0.16943029865568457,-0.07488298083979228
r9,R9-3,LB,E,3,3,3,12,0,0,full,-0.12795051820719378,0.500624757882228,-0.32601059099818075,-0.07413611779488942
r9,R9-3,LB,CE,7,7,7,28,0,0,full,-0.11720787455958268,0.1496455851319397,-0.042901511195972006,-0.07456289667769106
r9,R9-4,LB,C,4,4,4,16,0,0,full,-0.056305126000405284,-0.044837527089621756,-0.2539854939901657,-0.0795817221352774
r9,R9-4,LB,E,3,3,3,12,0,0,full,0.10199522161293051,0.49280780356818965,0.05034194718889923,0.14439013505433398
r9,R9-4,LB,CE,7,7,7,28,0,0,full,0.011537880119595768,0.18558190033515456,-0.12355944777056645,0.016406216660270343
r9,R9-5,LB,C,4,4,4,16,0,0,full,-0.0580149923253577,-0.03472044636668929,-0.09709076524761287,-0.059987645695806044
r9,R9-5,LB,E,3,3,3,12,0,0,full,0.04147176701466022,0.8101898482094863,0.6852387466062215,0.21803239961295864
r9,R9-5,LB,CE,7,7,7,28,0,0,full,-0.015377809751064305,0.3273839655945288,0.2381933112611733,0.05916380229366454
r9,R9-6,LB,C,4,4,4,16,0,0,full,-0.1326462315801727,0.21134236449204802,-0.3439056254872586,-0.11605508130953085
r9,R9-6,LB,E,3,3,3,12,0,0,full,0.03562334908088285,1.3320912199244523,-0.1556153560121701,0.1737769947996974
r9,R9-6,LB,CE,7,7,7,28,0,0,full,-0.06053069701114889,0.691663302534507,-0.2632097957122207,0.008158665594424122
r9,R9-7,LB,C,4,4,4,16,0,0,full,-0.17504725256627074,-0.1245263909880077,0.098295697626828,-0.1345642760948505
r9,R9-7,LB,E,3,3,3,12,0,0,full,0.06816546784856387,0.601881381286033,-0.019703904450607285,0.12389628549085109
r9,R9-7,LB,CE,7,7,7,28,0,0,full,-0.07081322953134161,0.18679122570086684,0.04772443959364145,-0.023795463986692682
r9,R9-8,LB,C,4,4,4,16,0,0,full,-0.041412611216360085,-0.15613394506628797,-0.2238702684723693,-0.07855998510460221
r9,R9-8,LB,E,3,3,3,12,0,0,full,0.04929319726721107,0.5752922770930124,0.28505597025181934,0.1445134288685123
r9,R9-8,LB,CE,7,7,7,28,0,0,full,-0.0025386932948295916,0.15733443585912651,-0.005759023304859874,0.01704290659816114
r9,R9-9,LB,B,5,5,5,16,4,0,full,0.011420634174714072,0.24242367867249187,0.15817326837986492,0.058640094012580156
r9,R9-9,LB,C,4,4,4,16,0,0,full,-0.08755175755888457,-0.06893692505549417,-0.3964378921580304,-0.12383567032085402
r9,R9-9,LB,E,3,3,3,12,0,0,full,-0.15530977724340925,0.5342950271155341,-0.6094262593335866,-0.1258737369598135
r9,R9-9,LB,CE,7,7,7,28,0,0,full,-0.11659090885225229,0.1895910544463751,-0.48771862094755447,-0.12470912745183665
r9,R9-9,LB,BC,9,9,9,32,4,0,full,-0.032567095484663106,0.1040411881267203,-0.08832058074808856,-0.02246024569116837
r9,R9-9,LB,BCE,12,12,12,44,4,0,full,-0.06325276592434964,0.21160464787392377,-0.21859700039446306,-0.048313618508329645
r9,R9-10,LB,C,4,4,4,16,0,0,full,-0.056319298497439906,-0.15628056088382095,-0.6227077398117405,-0.13961301146002514
r9,R9-10,LB,E,3,3,3,12,0,0,full,-0.027896355444905926,1.0864141636151003,-0.6279621109641214,0.03638423999769294
r9,R9-10,LB,CE,7,7,7,28,0,0,full,-0.044138037189211055,0.3763028924728596,-0.6249596131627609,-0.06418561797814595
r9,R9-11,LB,C,4,4,4,16,0,0,full,-0.11399465477875698,-0.16550555377504672,0.24518007038366604,-0.07553667650799033
r9,R9-11,LB,E,3,3,3,12,0,0,full,0.11984795564916476,0.31769021707962836,0.20043966103598335,0.15465220150132505
r9,R9-11,LB,CE,7,7,7,28,0,0,full,-0.013776393166790524,0.04157834801981401,0.22600560923465915,0.023115699781716265
r9,R9-12,LB,C,4,4,4,16,0,0,full,-0.06862766169430791,0.06345120970432316,0.12382081120525067,-0.02806174365703419
r9,R9-12,LB,E,3,3,3,12,0,0,full,-0.038388764240739164,1.6031452290715775,-0.5708433901191687,0.10024615668849672
r9,R9-12,LB,CE,7,7,7,28,0,0,full,-0.055668134214207014,0.7233200751474321,-0.17389241793378624,0.026927356491050485
r9,R9-13,LB,C,4,4,4,16,0,0,full,-0.10267918941539121,-0.27309724971456656,-0.1693818536940336,-0.13231927998761842
r9,R9-13,LB,E,3,3,3,12,0,0,full,-0.03782752379648244,0.8361382324174342,-0.1989741224047562,0.05127487090422292
r9,R9-13,LB,CE,7,7,7,28,0,0,full,-0.07488561843585888,0.20228938548486233,-0.18206425457005757,-0.05363607246254356
r10,R10-1,LB,C,4,4,4,16,0,0,full,-0.12361477195860945,0.0026669420865056276,-0.25057825956851965,-0.12369999365420883
r10,R10-1,LB,E,3,3,3,12,0,0,full,-0.08710356013352799,0.44445286748525675,0.16168824277424368,0.010439968682291556
r10,R10-1,LB,CE,7,7,7,28,0,0,full,-0.10796710974786025,0.19200376725739898,-0.07389261570733535,-0.06621143836713723
r10,R10-2,LB,C,4,4,4,16,0,0,full,-0.11990282907451436,0.2411161720338631,-0.3021902128020483,-0.09756137690190893
r10,R10-2,LB,E,3,3,3,12,0,0,full,-0.1314098502024112,0.4432696806801033,-0.23377409505839786,-0.0723704394490952
r10,R10-2,LB,CE,7,7,7,28,0,0,full,-0.12483440955789872,0.3277533900251089,-0.27286901948334097,-0.08676526085070305
r10,R10-3,LB,B,5,5,4,19,0,1,available_subset,-0.025515593945918947,-0.16686525741996355,0.18085220969471824,-0.01738832642509488
r10,R10-3,LB,C,4,4,4,16,0,0,full,-0.06392819192107524,-0.4415606658042631,-0.6371066726052028,-0.18277956124198969
r10,R10-3,LB,E,3,3,3,12,0,0,full,-0.14786958925280064,0.528167909917504,-0.6043146552914771,-0.1204205351113471
r10,R10-3,LB,CE,7,7,7,28,0,0,full,-0.0999030764918147,-0.02596270478064865,-0.6230529508993203,-0.15605426432885716
r10,R10-3,LB,BC,9,9,8,35,0,1,available_subset,-0.04472189293349709,-0.30421296161211336,-0.2281272314552423,-0.10008394383354229
r10,R10-3,LB,BCE,12,12,11,47,0,1,available_subset,-0.07285308283876168,-0.07719999664949044,-0.3307238015923972,-0.10563028690930723
r10,R10-4,LB,C,4,4,4,16,0,0,full,-0.04868233800586008,0.16675401240104004,-0.2161595767350425,-0.042687449046145395
r10,R10-4,LB,E,3,3,3,12,0,0,full,-0.13172800888000633,0.5130067660802133,-0.5390556642773642,-0.1020521189346486
r10,R10-4,LB,CE,7,7,7,28,0,0,full,-0.08427333980906561,0.3151480496921143,-0.3545436142531803,-0.06812945042693248
r10,R10-5,LB,C,4,4,4,16,0,0,full,-0.09257188388731906,-0.14785105997419976,-0.3291823385338342,-0.12905808772899355
r10,R10-5,LB,E,3,3,3,12,0,0,full,0.05104547380417529,0.9525007519529606,-0.36227540512611045,0.11206227370648775
r10,R10-5,LB,CE,7,7,7,28,0,0,full,-0.031021587733821483,0.32372828799458325,-0.34336508135909544,-0.025720789970930132
r10,R10-6,LB,C,4,4,4,14,2,0,full,-0.08877878100961566,0.13899300767647607,-0.1976835538060506,-0.07392040402340856
r10,R10-6,LB,E,3,3,3,12,0,0,full,-0.16492547324874246,0.7005816427070218,-0.32190306109936584,-0.07635928223559985
r10,R10-6,LB,CE,7,7,7,26,2,0,full,-0.12141307768352715,0.3796738512609957,-0.2509204855031857,-0.07496563754291911
r11,R11-1,LB,C,4,4,4,16,0,0,full,-0.027393851173375804,-0.2730974091199335,0.06641403337283937,-0.046380810348418615
r11,R11-1,LB,E,3,3,3,12,0,0,full,-0.037865669424307746,0.47817809498375213,-1.085136709607661,-0.10426907889621942
r11,R11-1,LB,CE,7,7,7,28,0,0,full,-0.03188177328091806,0.048877806924503185,-0.4271077136188036,-0.0711900682974761
r11,R11-2,LB,B,5,5,1,16,0,4,available_subset,-0.058174649630711006,0.010549783976927225,0.2914403339109147,-0.005882222487053015
r11,R11-2,LB,C,4,4,4,16,0,0,full,-0.10691421643249771,-0.2214629490355362,-0.5718619976707973,-0.17935128066266498
r11,R11-2,LB,E,3,3,3,12,0,0,full,-0.14786958925280064,0.528167909917504,-0.6043146552914771,-0.1204205351113471
r11,R11-2,LB,CE,7,7,7,28,0,0,full,-0.12446651906977038,0.09980741908719531,-0.5857702795082315,-0.15409524685495732
r11,R11-2,LB,BC,9,9,5,32,0,4,available_subset,-0.09716630307214036,-0.17506040243304352,-0.3992015313544549,-0.1446574690275426
r11,R11-2,LB,BCE,12,12,8,44,0,4,available_subset,-0.11618003538988796,0.0886502146984118,-0.4761189528308382,-0.13556861880896928
r11,R11-3,LB,C,4,4,4,16,0,0,full,-0.09827683840737067,0.015052958065770658,-0.18090028824027765,-0.09443854507734138
r11,R11-3,LB,E,3,3,3,12,0,0,full,-0.03972874189698689,1.0362478828696613,-0.12268778735094826,0.08439845551709896
r11,R11-3,LB,CE,7,7,7,28,0,0,full,-0.07318479704577763,0.4527079258388666,-0.1559520735734222,-0.017794116251152667
r11,R11-4,LB,C,4,4,4,16,0,0,full,-0.07637082435944861,-0.14416536852685227,-0.5239815024878502,-0.1407964771464243
r11,R11-4,LB,E,3,3,3,12,0,0,full,-0.02731579418904366,0.925808701903785,-0.27258745790442895,0.06116580985813676
r11,R11-4,LB,CE,7,7,7,28,0,0,full,-0.05534724000070364,0.31439494737199225,-0.41624119766638396,-0.054241211287326695
r11,R11-5,LB,C,4,4,4,16,0,0,full,-0.014042881749877788,0.0037240560738272003,-0.46138512881608873,-0.06773979540519104
r11,R11-5,LB,E,3,3,3,12,0,0,full,-0.1170575505451301,0.5878397833181473,-0.5228918418609154,-0.07967467022669357
r11,R11-5,LB,CE,7,7,7,28,0,0,full,-0.058192025519271634,0.2540593677499644,-0.48774514869244306,-0.07285474175726354
r11,R11-6,LB,C,4,4,4,16,0,0,full,-0.05438551564449502,0.046399646384902696,-0.2545636441233746,-0.06680963645068025
r11,R11-6,LB,E,3,3,3,12,0,0,full,-0.14192727321790044,0.7821356457617278,-0.2662069176553164,-0.04195436390012391
r11,R11-6,LB,CE,7,7,7,28,0,0,full,-0.09190341174738305,0.3617150746892563,-0.25955361849420683,-0.0561573767861561
r11,R11-7,LB,C,4,4,4,16,0,0,full,0.020910359589767197,-0.012652988315171136,0.02141065383861221,0.01677747788275552
r11,R11-7,LB,E,3,3,3,12,0,0,full,-0.0372607454780152,0.477659231989407,-1.0827109965365653,-0.10357702967690617
r11,R11-7,LB,CE,7,7,7,28,0,0,full,-0.004020114010710973,0.19748082038679093,-0.451784339179321,-0.03480302535709949
r11,R11-8,LB,C,4,4,4,16,0,0,full,-0.09754193251930615,-0.32903143507017313,-0.42865381503918126,-0.1678671056531489
r11,R11-8,LB,E,3,3,3,12,0,0,full,0.10745047490353082,1.051913773114604,0.3863926326164786,0.26037615689403343
r11,R11-8,LB,CE,7,7,7,28,0,0,full,-0.00968804362380459,0.26280222558044564,-0.07934819461532704,0.015665721152786388
r12,R12-1,LB,C,4,4,4,16,0,0,full,-0.08458336398085622,-0.2257034990139651,-0.6049299559246566,-0.1672667048529699
r12,R12-1,LB,E,3,3,3,12,0,0,full,-0.1498802763292066,0.534013121210653,-0.6148867122631665,-0.12251940612846915
r12,R12-1,LB,CE,7,7,7,28,0,0,full,-0.1125677549872921,0.09988933822515697,-0.6091971372125894,-0.14808929111389815
r12,R12-2,LB,C,4,4,4,16,0,0,full,-0.06461811566625947,-0.26967546311763135,-0.6442512204638645,-0.1627044221973816
r12,R12-2,LB,E,3,3,3,12,0,0,full,-0.1498802763292066,0.534013121210653,-0.6148867122631665,-0.12251940612846915
r12,R12-2,LB,CE,7,7,7,28,0,0,full,-0.10115904166466538,0.07476250159449054,-0.631666431234994,-0.14548227245356196
r12,R12-3,LB,C,4,4,4,16,0,0,full,-0.10532649652167686,-0.21220465997542465,-0.5891142849804499,-0.179159740510742
r12,R12-3,LB,E,3,3,3,12,0,0,full,-0.1498802763292066,0.534013121210653,-0.6148867122631665,-0.12251940612846915
r12,R12-3,LB,CE,7,7,7,28,0,0,full,-0.12442097358204675,0.10760296053289438,-0.600159610958757,-0.15488531148976792
r12,R12-4,LB,C,4,4,4,16,0,0,full,-0.07938539273887736,-0.15465852577664488,-0.7709929243504553,-0.17524547582004554
r12,R12-4,LB,E,3,3,3,12,0,0,full,-0.14916756111878648,0.5255932245968922,-0.5903690935858115,-0.11997265446270478
r12,R12-4,LB,CE,7,7,7,28,0,0,full,-0.10929203633026699,0.13687793866915673,-0.6935827111656079,-0.15155712380975664
r12,R12-5,LB,C,4,4,4,16,0,0,full,-0.06719449870394759,0.02928610137116379,-0.5554120943668077,-0.11616162315241618
r12,R12-5,LB,E,3,3,3,12,0,0,full,-0.15943532544088657,0.5769290132362789,-0.5166029271751353,-0.11203573332302198
r12,R12-5,LB,CE,7,7,7,28,0,0,full,-0.10672628159120714,0.2639902064562131,-0.5387795941418053,-0.11439338465410438
r12,R12-6,LB,C,4,4,4,16,0,0,full,-0.07275598842906202,-0.21450818680763145,-0.7546605402012396,-0.1757130821979054
r12,R12-6,LB,E,3,3,3,12,0,0,full,-0.14917174490297547,0.5255886679845124,-0.5903736107341201,-0.11997692652093257
r12,R12-6,LB,CE,7,7,7,28,0,0,full,-0.1055055983464535,0.10267617953185877,-0.6842518561439027,-0.1518261583363456
r12,R12-7,LB,C,4,4,4,16,0,0,full,-0.08840741504292815,0.10721760805434016,-0.5874740926840136,-0.1263376218609053
r12,R12-7,LB,E,3,3,3,12,0,0,full,-0.1650669839219297,0.7655698745717666,-0.7781268864452625,-0.12536986442563425
r12,R12-7,LB,CE,7,7,7,28,0,0,full,-0.12126151599107167,0.3893685794189515,-0.669182432867406,-0.12592286867436056
r12,R12-8,LB,C,4,4,4,16,0,0,full,-0.09111928935275966,-0.07016576528205629,-0.44751752488387253,-0.13304987828531087
r12,R12-8,LB,E,3,3,3,12,0,0,full,-0.1280734958245868,0.5664676018897826,-0.573511180030745,-0.0969355691360604
r12,R12-8,LB,CE,7,7,7,28,0,0,full,-0.10695680641211415,0.20267710636301753,-0.5015148056611036,-0.11757231722134638
r12,R12-9,LB,C,4,4,4,16,0,0,full,-0.083919077052992,-0.28485345131751155,-0.3705399381122909,-0.1448634814684693
r12,R12-9,LB,E,3,3,3,12,0,0,full,-0.15954161165151723,0.532657434490876,-0.5898025122474556,-0.1267993434582104
r12,R12-9,LB,CE,7,7,7,28,0,0,full,-0.11632873473807424,0.06550835688608309,-0.4645096127416472,-0.1371217080355012
r12,R12-10,LB,C,4,4,4,16,0,0,full,-0.05583971873553635,-0.3279183641425372,-0.6598449393439955,-0.16535020198746883
r12,R12-10,LB,E,3,3,3,12,0,0,full,-0.14558251969883562,0.537437150465088,-0.6031439661389878,-0.11740024173336419
r12,R12-10,LB,CE,7,7,7,28,0,0,full,-0.09430091914837889,0.04294828497501647,-0.635544522256135,-0.14480021902142398
r12,R12-11,LB,C,4,4,4,16,0,0,full,-0.08583665588107761,-0.3453288900222544,-0.6629380923731776,-0.1904108647102372
r12,R12-11,LB,E,3,3,3,12,0,0,full,-0.14786958925280064,0.528167909917504,-0.6043146552914771,-0.1204205351113471
r12,R12-11,LB,CE,7,7,7,28,0,0,full,-0.11242219875467319,0.029026881380499196,-0.6378137621953059,-0.16041500916785573
r12,R12-12,LB,C,4,4,4,16,0,0,full,-0.1305491454420278,0.2793091331975319,-0.4482846551267884,-0.11903379932267792
r12,R12-12,LB,E,3,3,3,12,0,0,full,-0.1761026231080602,0.7844674979772329,-0.7508773679601655,-0.1278782010789117
r12,R12-12,LB,CE,7,7,7,28,0,0,full,-0.15007206444175597,0.49580557524597524,-0.5779672463410929,-0.1228242572182067
